file,is_showing_theets
i000qa-fn.jpg,1
i000ra-fn.jpg,0
i000sa-fn.jpg,1
i001qa-mn.jpg,0
i001ra-mn.jpg,0
i001sa-mn.jpg,1
i002qa-mn.jpg,1
i002ra-mn.jpg,0
i002sa-mn.jpg,1
i003qa-fn.jpg,0
i003ra-fn.jpg,1
i003sa-fn.jpg,0
i004qa-mn.jpg,0
i004ra-mn.jpg,1
i004sa-mn.jpg,1
i005qa-fn.jpg,1
i005ra-fn.jpg,1
i005sa-fn.jpg,1
i006qa-mn.jpg,0
i006ra-mn.jpg,0
i006sa-mn.jpg,0
i007qa-fn.jpg,0
i007ra-fn.jpg,0
i007sa-fn.jpg,0
i008qa-mn.jpg,1
i008ra-mn.jpg,0
i008sa-mn.jpg,1
i009qa-mn.jpg,0
i009ra-mn.jpg,0
i009sa-mn.jpg,0
i010qa-mn.jpg,0
i010ra-mn.jpg,0
i010sa-mn.jpg,0
i011qa-mn.jpg,0
i011ra-mn.jpg,1
i011sa-mn.jpg,0
i012qa-mn.jpg,0
i012ra-mn.jpg,1
i012sa-mn.jpg,0
i013qa-fn.jpg,0
i013ra-fn.jpg,1
i013sa-fn.jpg,1
i014qa-fn.jpg,1
i014ra-fn.jpg,1
i014sa-fn.jpg,1
i015qa-mn.jpg,0
i015ra-mn.jpg,0
i015sa-mn.jpg,0
i016qa-mn.jpg,0
i016ra-mn.jpg,1
i016sa-mn.jpg,1
i017qa-mg.jpg,1
i017ra-mg.jpg,0
i017sa-mg.jpg,1
i018qa-fn.jpg,0
i018ra-fn.jpg,0
i018sa-fn.jpg,1
i019qa-fn.jpg,1
i019ra-fn.jpg,0
i019sa-fn.jpg,1
i020qa-fg.jpg,0
i020ra-fg.jpg,0
i020sa-fg.jpg,0
i021qa-fn.jpg,0
i021ra-fn.jpg,1
i021sa-fn.jpg,0
i022qa-fn.jpg,1
i022ra-fn.jpg,1
i022sa-fn.jpg,0
i023qa-fn.jpg,1
i023ra-fn.jpg,1
i023sa-fn.jpg,0
i024qa-fn.jpg,0
i024ra-fn.jpg,1
i024sa-fn.jpg,0
i025qa-mn.jpg,0
i025ra-mn.jpg,0
i025sa-mn.jpg,1
i026qa-fn.jpg,0
i026ra-fn.jpg,0
i026sa-fn.jpg,0
i027qa-mn.jpg,0
i027ra-mn.jpg,0
i027sa-mn.jpg,1
i028qa-mg.jpg,0
i028ra-mg.jpg,0
i028sa-mg.jpg,0
i029qa-fg.jpg,0
i029ra-fg.jpg,1
i029sa-fg.jpg,0
i030qa-fg.jpg,0
i030ra-fg.jpg,0
i030sa-fg.jpg,0
i031qa-fn.jpg,0
i031ra-fn.jpg,1
i031sa-fn.jpg,1
i032qa-fn.jpg,0
i032ra-fn.jpg,0
i032sa-fn.jpg,0
i033qa-fn.jpg,1
i033ra-fn.jpg,1
i033sa-fn.jpg,1
i034qa-mg.jpg,1
i034ra-mg.jpg,1
i034sa-mg.jpg,1
i035qa-mn.jpg,0
i035ra-mn.jpg,0
i035sa-mn.jpg,0
i036qa-mg.jpg,0
i036ra-mg.jpg,1
i036sa-mg.jpg,0
i037qa-fn.jpg,0
i037ra-fn.jpg,0
i037sa-fn.jpg,0
i038qa-mn.jpg,0
i038ra-mn.jpg,0
i038sa-mn.jpg,0
i039qa-fn.jpg,1
i039ra-fn.jpg,0
i039sa-fn.jpg,0
i040qa-mn.jpg,1
i040ra-mn.jpg,1
i040sa-mn.jpg,1
i041qa-mn.jpg,0
i041ra-mn.jpg,0
i041sa-mn.jpg,0
i042qa-fn.jpg,1
i042ra-fn.jpg,1
i042sa-fn.jpg,1
i043qa-mn.jpg,0
i043ra-mn.jpg,0
i043sa-mn.jpg,1
i044qa-mn.jpg,0
i044ra-mn.jpg,0
i044sa-mn.jpg,1
i045qa-mn.jpg,0
i045ra-mn.jpg,0
i045sa-mn.jpg,1
i046qa-fn.jpg,0
i046ra-fn.jpg,1
i046sa-fn.jpg,1
i047qa-mn.jpg,0
i047ra-mn.jpg,0
i047sa-mn.jpg,0
i048qa-mn.jpg,0
i048ra-mn.jpg,0
i048sa-mn.jpg,0
i049qa-mn.jpg,0
i049ra-mn.jpg,1
i049sa-mn.jpg,0
i050qa-fg.jpg,0
i050ra-fg.jpg,1
i050sa-fg.jpg,1
i051qa-fn.jpg,1
i051ra-fn.jpg,1
i051sa-fn.jpg,1
i052qa-mn.jpg,0
i052ra-mn.jpg,0
i052sa-mn.jpg,1
i053qa-fg.jpg,0
i053ra-fg.jpg,1
i053sa-fg.jpg,1
i054qa-mg.jpg,1
i054ra-mg.jpg,1
i054sa-mg.jpg,1
i055qa-mn.jpg,1
i055ra-mn.jpg,0
i055sa-mn.jpg,1
i056qa-mn.jpg,0
i056ra-mn.jpg,0
i056sa-mn.jpg,0
i057qa-fn.jpg,0
i057ra-fn.jpg,0
i057sa-fn.jpg,0
i058qa-mn.jpg,0
i058ra-mn.jpg,0
i058sa-mn.jpg,0
i059qa-mg.jpg,1
i059ra-mg.jpg,1
i059sa-mg.jpg,1
i060qa-mn.jpg,1
i060ra-mn.jpg,1
i060sa-mn.jpg,0
i061qa-fn.jpg,1
i061ra-fn.jpg,0
i061sa-fn.jpg,0
i062qa-fn.jpg,0
i062ra-fn.jpg,1
i062sa-fn.jpg,0
i063qa-fn.jpg,1
i063ra-fn.jpg,1
i063sa-fn.jpg,1
i064qa-mn.jpg,1
i064ra-mn.jpg,1
i064sa-mn.jpg,0
i065qa-fn.jpg,0
i065ra-fn.jpg,1
i065sa-fn.jpg,0
i066qa-mn.jpg,0
i066ra-mn.jpg,0
i066sa-mn.jpg,0
i067qa-fn.jpg,1
i067ra-fn.jpg,1
i067sa-fn.jpg,1
i068qa-mn.jpg,0
i068ra-mn.jpg,0
i068sa-mn.jpg,0
i069qa-fg.jpg,1
i069ra-fg.jpg,0
i069sa-fg.jpg,0
i070qa-mn.jpg,0
i070ra-mn.jpg,0
i070sa-mn.jpg,0
i071qa-fn.jpg,0
i071ra-fn.jpg,1
i071sa-fn.jpg,1
i072qa-fn.jpg,0
i072ra-fn.jpg,1
i072sa-fn.jpg,1
i073qa-mg.jpg,1
i073ra-mg.jpg,1
i073sa-mg.jpg,1
i074qa-fn.jpg,0
i074ra-fn.jpg,1
i074sa-fn.jpg,1
i075qa-mn.jpg,0
i075ra-mn.jpg,0
i075sa-mn.jpg,0
i076qa-fn.jpg,0
i076ra-fn.jpg,1
i076sa-fn.jpg,1
i077qa-fn.jpg,1
i077ra-fn.jpg,1
i077sa-fn.jpg,1
i078qa-fg.jpg,0
i078ra-fg.jpg,1
i078sa-fg.jpg,0
i079qa-mn.jpg,0
i079ra-mn.jpg,0
i079sa-mn.jpg,0
i080qa-fn.jpg,1
i080ra-fn.jpg,1
i080sa-fn.jpg,0
i081qa-mn.jpg,0
i081ra-mn.jpg,1
i081sa-mn.jpg,1
i082qa-mn.jpg,1
i082ra-mn.jpg,0
i082sa-mn.jpg,1
i083qa-mn.jpg,1
i083ra-mn.jpg,0
i083sa-mn.jpg,1
i084qa-mn.jpg,0
i084ra-mn.jpg,1
i084sa-mn.jpg,1
i085qa-mg.jpg,0
i085ra-mg.jpg,1
i085sa-mg.jpg,1
i086qa-fn.jpg,0
i086ra-fn.jpg,1
i086sa-fn.jpg,1
i087qa-fn.jpg,1
i087ra-fn.jpg,0
i087sa-fn.jpg,1
i088qa-fn.jpg,0
i088ra-fn.jpg,0
i088sa-fn.jpg,0
i089qa-mn.jpg,0
i089ra-mn.jpg,0
i089sa-mn.jpg,1
i090qa-mn.jpg,0
i090ra-mn.jpg,0
i090sa-mn.jpg,0
i200ta-mg.jpg,0
i200ua-mg.jpg,1
i200va-mg.jpg,1
i201ta-mg.jpg,0
i201ua-mg.jpg,0
i201va-mg.jpg,0
i202ta-fn.jpg,1
i202ua-fn.jpg,0
i202va-fn.jpg,1
i203ta-mn.jpg,1
i203ua-mn.jpg,1
i203va-mn.jpg,1
i204ta-mn.jpg,0
i204ua-mn.jpg,0
i204va-mn.jpg,0
i205ta-mn.jpg,1
i205ua-mn.jpg,1
i205va-mn.jpg,0
i206ta-mn.jpg,0
i206ua-mn.jpg,0
i206va-mn.jpg,1
i207ta-fn.jpg,0
i207ua-fn.jpg,0
i207va-fn.jpg,0
i208ta-fn.jpg,1
i208ua-fn.jpg,1
i208va-fn.jpg,0
i209ta-fn.jpg,0
i209ua-fn.jpg,0
i209va-fn.jpg,1
i210ta-fn.jpg,0
i210ua-fn.jpg,1
i210va-fn.jpg,1
i211ta-fn.jpg,1
i211ua-fn.jpg,1
i211va-fn.jpg,1
i212ta-fn.jpg,0
i212ua-fn.jpg,1
i212va-fn.jpg,1
i213ta-fn.jpg,0
i213ua-fn.jpg,0
i213va-fn.jpg,0
i214ta-fn.jpg,1
i214ua-fn.jpg,0
i214va-fn.jpg,0
i215ta-mg.jpg,0
i215ua-mg.jpg,1
i215va-mg.jpg,0
i216ta-fn.jpg,1
i216ua-fn.jpg,1
i216va-fn.jpg,1
i217ta-fn.jpg,0
i217ua-fn.jpg,0
i217va-fn.jpg,1
i218ta-fn.jpg,1
i218ua-fn.jpg,1
i218va-fn.jpg,1
i219ta-mn.jpg,0
i219ua-mn.jpg,1
i219va-mn.jpg,0
i220ta-fn.jpg,0
i220ua-fn.jpg,0
i220va-fn.jpg,0
i221ta-fg.jpg,1
i221ua-fg.jpg,1
i221va-fg.jpg,1
i222ta-fn.jpg,1
i222ua-fn.jpg,0
i222va-fn.jpg,0
i223ta-mn.jpg,0
i223ua-mn.jpg,0
i223va-mn.jpg,0
i224ta-mn.jpg,0
i224ua-mn.jpg,0
i224va-mn.jpg,1
i225ta-mn.jpg,0
i225ua-mn.jpg,0
i225va-mn.jpg,0
i226ta-fg.jpg,1
i226ua-fg.jpg,1
i226va-fg.jpg,1
i227ta-mn.jpg,0
i227ua-mn.jpg,1
i227va-mn.jpg,1
i228ta-mg.jpg,1
i228ua-mg.jpg,1
i228va-mg.jpg,0
i229ta-mn.jpg,1
i229ua-mn.jpg,1
i229va-mn.jpg,0
i230ta-mn.jpg,1
i230ua-mn.jpg,1
i230va-mn.jpg,1
i231ta-mn.jpg,0
i231ua-mn.jpg,1
i231va-mn.jpg,0
i232ta-mn.jpg,1
i232ua-mn.jpg,0
i232va-mn.jpg,1
i233ta-fn.jpg,1
i233ua-fn.jpg,0
i233va-fn.jpg,0
i234ta-mg.jpg,0
i234ua-mg.jpg,0
i234va-mg.jpg,0
i235ta-fn.jpg,1
i235ua-fn.jpg,0
i235va-fn.jpg,1
i236ta-fn.jpg,1
i236ua-fn.jpg,1
i236va-fn.jpg,1
i237ta-fn.jpg,0
i237ua-fn.jpg,0
i237va-fn.jpg,0
i238ta-mn.jpg,0
i238ua-mn.jpg,1
i238va-mn.jpg,1
i239ta-mn.jpg,0
i239ua-mn.jpg,0
i239va-mn.jpg,0
i240ta-mn.jpg,0
i240ua-mn.jpg,0
i240va-mn.jpg,1
i241ta-mn.jpg,0
i241ua-mn.jpg,1
i241va-mn.jpg,0
i242ta-mn.jpg,0
i242ua-mn.jpg,1
i242va-mn.jpg,1
i243ta-mn.jpg,0
i243ua-mn.jpg,0
i243va-mn.jpg,0
i244ta-mn.jpg,0
i244ua-mn.jpg,1
i244va-mn.jpg,1
i245ta-fn.jpg,1
i245ua-fn.jpg,1
i245va-fn.jpg,1
i246ta-mg.jpg,1
i246ua-mg.jpg,1
i246va-mg.jpg,1
i247ta-fn.jpg,1
i247ua-fn.jpg,1
i247va-fn.jpg,1
i248ta-fn.jpg,0
i248ua-fn.jpg,0
i248va-fn.jpg,1
i249ta-fn.jpg,0
i249ua-fn.jpg,0
i249va-fn.jpg,0
i250ta-mn.jpg,0
i250ua-mn.jpg,0
i250va-mn.jpg,1
i251ta-mn.jpg,1
i251ua-mn.jpg,1
i251va-mn.jpg,0
i252ta-fn.jpg,0
i252ua-fn.jpg,0
i252va-fn.jpg,1
i253ta-mg.jpg,0
i253ua-mg.jpg,1
i253va-mg.jpg,0
i254ta-mn.jpg,1
i254ua-mn.jpg,1
i254va-mn.jpg,0
i255ta-mn.jpg,0
i255ua-mn.jpg,0
i255va-mn.jpg,0
i256ta-mn.jpg,0
i256ua-mn.jpg,0
i256va-mn.jpg,0
i257ta-mn.jpg,0
i257ua-mn.jpg,0
i257va-mn.jpg,0
i258ta-mn.jpg,0
i258ua-mn.jpg,0
i258va-mn.jpg,0
i259ta-mn.jpg,0
i259ua-mn.jpg,0
i259va-mn.jpg,0
i260ta-mn.jpg,0
i260ua-mn.jpg,0
i260va-mn.jpg,1
i261ta-mn.jpg,0
i261ua-mn.jpg,0
i261va-mn.jpg,0
i262ta-fn.jpg,0
i262ua-fn.jpg,1
i262va-fn.jpg,1
i263ta-mn.jpg,1
i263ua-mn.jpg,0
i263va-mn.jpg,1
i264ta-mn.jpg,0
i264ua-mn.jpg,0
i264va-mn.jpg,0
i265ta-fn.jpg,0
i265ua-fn.jpg,1
i265va-fn.jpg,0
i266ta-fn.jpg,0
i266ua-fn.jpg,1
i266va-fn.jpg,0
i267ta-mn.jpg,0
i267ua-mn.jpg,0
i267va-mn.jpg,1
i268ta-mn.jpg,0
i268ua-mn.jpg,1
i268va-mn.jpg,1
i269ta-mn.jpg,0
i269ua-mn.jpg,0
i269va-mn.jpg,1
i270ta-mn.jpg,0
i270ua-mn.jpg,1
i270va-mn.jpg,1
i271ta-fg.jpg,0
i271ua-fg.jpg,0
i271va-fg.jpg,0
i272ta-fg.jpg,0
i272ua-fg.jpg,0
i272va-fg.jpg,1
i273ta-mn.jpg,0
i273ua-mn.jpg,0
i273va-mn.jpg,1
i274ta-mn.jpg,0
i274ua-mn.jpg,1
i274va-mn.jpg,1
i275ta-fg.jpg,1
i275ua-fg.jpg,1
i275va-fg.jpg,1
i276ta-mn.jpg,1
i276ua-mn.jpg,1
i276va-mn.jpg,0
i277ta-mg.jpg,1
i277ua-mg.jpg,0
i277va-mg.jpg,1
i278ta-mn.jpg,0
i278ua-mn.jpg,0
i278va-mn.jpg,0
i279ta-fn.jpg,1
i279ua-fn.jpg,1
i279va-fn.jpg,1
i280ta-mn.jpg,0
i280ua-mn.jpg,0
i280va-mn.jpg,1
i281ta-fn.jpg,0
i281ua-fn.jpg,0
i281va-fn.jpg,0
i282ta-fn.jpg,1
i282ua-fn.jpg,1
i282va-fn.jpg,0
i283ta-fn.jpg,0
i283ua-fn.jpg,1
i283va-fn.jpg,0
i284ta-fg.jpg,0
i284ua-fg.jpg,0
i284va-fg.jpg,1
i285ta-fn.jpg,0
i285ua-fn.jpg,1
i285va-fn.jpg,1
i286ta-fn.jpg,1
i286ua-fn.jpg,1
i286va-fn.jpg,1
i287ta-mn.jpg,0
i287ua-mn.jpg,1
i287va-mn.jpg,0
i288ta-mn.jpg,0
i288ua-mn.jpg,1
i288va-mn.jpg,1
i289ta-mg.jpg,0
i289ua-mg.jpg,0
i289va-mg.jpg,1
i290ta-mn.jpg,0
i290ua-mn.jpg,0
i290va-mn.jpg,1
i291ta-fg.jpg,0
i291ua-fg.jpg,0
i291va-fg.jpg,0
i292ta-fn.jpg,1
i292ua-fn.jpg,1
i292va-fn.jpg,1
i293ta-fn.jpg,1
i293ua-fn.jpg,0
i293va-fn.jpg,1
i294ta-mg.jpg,0
i294ua-mg.jpg,0
i294va-mg.jpg,0
i295ta-mg.jpg,1
i295ua-mg.jpg,0
i295va-mg.jpg,1
i296ta-mg.jpg,1
i296ua-mg.jpg,1
i296va-mg.jpg,1
i297ta-mn.jpg,0
i297ua-mn.jpg,1
i297va-mn.jpg,1
i298ta-fn.jpg,0
i298ua-fn.jpg,0
i298va-fn.jpg,0
i299ta-mn.jpg,1
i299ua-mn.jpg,1
i299va-mn.jpg,1
i300ta-fn.jpg,0
i300ua-fn.jpg,0
i300va-fn.jpg,1
i301ta-fg.jpg,1
i301ua-fg.jpg,1
i301va-fg.jpg,1
i302ta-fn.jpg,0
i302ua-fn.jpg,1
i302va-fn.jpg,0
i303ta-fg.jpg,0
i303ua-fg.jpg,0
i303va-fg.jpg,0
i304ta-fg.jpg,0
i304ua-fg.jpg,0
i304va-fg.jpg,1
i305ta-fg.jpg,0
i305ua-fg.jpg,0
i305va-fg.jpg,1
i306ta-fg.jpg,1
i306ua-fg.jpg,0
i306va-fg.jpg,0
i307ta-mg.jpg,0
i307ua-mg.jpg,1
i307va-mg.jpg,1
i400wa-mn.jpg,0
i400xa-mn.jpg,0
i401wa-fn.jpg,1
i401xa-fn.jpg,0
i402wa-fn.jpg,0
i402xa-fn.jpg,1
i403wa-fn.jpg,1
i403xa-fn.jpg,0
i404wa-fn.jpg,1
i404xa-fn.jpg,0
i405wa-fn.jpg,0
i405xa-fn.jpg,1
i406wa-mn.jpg,0
i406xa-mn.jpg,1
i407wa-mn.jpg,1
i407xa-mn.jpg,0
i408wa-mn.jpg,1
i408xa-mn.jpg,1
i409wa-fg.jpg,0
i409xa-fg.jpg,0
i410wa-fn.jpg,0
i410xa-fn.jpg,1
i411wa-fn.jpg,1
i411xa-fn.jpg,0
i412wa-mn.jpg,1
i412xa-mn.jpg,0
i413wa-fn.jpg,1
i413xa-fn.jpg,1
i414wa-mn.jpg,0
i414xa-mn.jpg,0
i415wa-fn.jpg,1
i415xa-fn.jpg,1
i416wa-mn.jpg,0
i416xa-mn.jpg,0
i417wa-mn.jpg,1
i417xa-mn.jpg,0
i418wa-fn.jpg,1
i418xa-fn.jpg,1
i419wa-mn.jpg,0
i419xa-mn.jpg,0
i420wa-mn.jpg,0
i420xa-mn.jpg,0
i421wa-fn.jpg,0
i421xa-fn.jpg,0
i422wa-fn.jpg,1
i422xa-fn.jpg,1
i423wa-mn.jpg,1
i423xa-mn.jpg,1
i424wa-fn.jpg,1
i424xa-fn.jpg,0
i425wa-mn.jpg,0
i425xa-mn.jpg,0
i426wa-fn.jpg,0
i426xa-fn.jpg,0
i427wa-fn.jpg,0
i427xa-fn.jpg,1
i428wa-fn.jpg,1
i428xa-fn.jpg,1
i429wa-fn.jpg,1
i429xa-fn.jpg,0
i430wa-fn.jpg,0
i430xa-fn.jpg,0
i431wa-fn.jpg,1
i431xa-fn.jpg,1
i432wa-fn.jpg,0
i432xa-fn.jpg,0
i433wa-fn.jpg,0
i433xa-fn.jpg,0
i434wa-fn.jpg,0
i434xa-fn.jpg,1
i435wa-fn.jpg,1
i435xa-fn.jpg,0
i436wa-mn.jpg,0
i436xa-mn.jpg,0
i437wa-fn.jpg,1
i437xa-fn.jpg,0
i438wa-mn.jpg,0
i438xa-mn.jpg,0
i439wa-mn.jpg,0
i439xa-mn.jpg,0
i440wa-mg.jpg,0
i440xa-mg.jpg,0
i441wa-fn.jpg,1
i441xa-fn.jpg,0
i442wa-mn.jpg,1
i442xa-mn.jpg,0
i443wa-mn.jpg,1
i443xa-mn.jpg,1
i444wa-fn.jpg,1
i444xa-fn.jpg,1
i445wa-mg.jpg,0
i445xa-mg.jpg,0
i446wa-fn.jpg,1
i446xa-fn.jpg,1
i447wa-fn.jpg,1
i447xa-fn.jpg,1
i448wa-fn.jpg,1
i448xa-fn.jpg,1
i449wa-fn.jpg,1
i449xa-fn.jpg,1
i450wa-mn.jpg,0
i450xa-mn.jpg,1
i451wa-mg.jpg,0
i451xa-mg.jpg,1
i600ya-fn.jpg,1
i600za-fn.jpg,1
i601ya-fn.jpg,1
i601za-fn.jpg,1
i602ya-mn.jpg,0
i602za-mn.jpg,1
i603ya-fn.jpg,1
i603za-fn.jpg,1
i604ya-fn.jpg,0
i604za-fn.jpg,0
i605ya-fn.jpg,0
i605za-fn.jpg,0
i606ya-fn.jpg,1
i606za-fn.jpg,1
i607ya-fn.jpg,0
i607za-fn.jpg,1
i608ya-fn.jpg,1
i608za-fn.jpg,0
i609ya-fg.jpg,1
i609za-fg.jpg,0
i610ya-fn.jpg,1
i610za-fn.jpg,0
i611ya-fn.jpg,1
i611za-fn.jpg,0
i612ya-fn.jpg,1
i612za-fn.jpg,1
i613ya-fg.jpg,0
i613za-fg.jpg,0
i614ya-fn.jpg,1
i614za-fn.jpg,0
i615ya-fn.jpg,1
i615za-fn.jpg,0
i616ya-fn.jpg,0
i616za-fn.jpg,1
i617ya-fn.jpg,0
i617za-fn.jpg,1
i618ya-fg.jpg,1
i618za-fg.jpg,0
i619ya-fg.jpg,0
i619za-fg.jpg,0
i620ya-fn.jpg,1
i620za-fn.jpg,1
i621ya-fn.jpg,1
i621za-fn.jpg,1
i622ya-mn.jpg,0
i622za-mn.jpg,1
i623ya-mn.jpg,1
i623za-mn.jpg,1
i624ya-fn.jpg,0
i624za-fn.jpg,0
